coordinates,area,perimeter,min_area_rect,box_points,width,height,aspect_ratio,length,orientation,computed_orientation,raw_angle,long_side_angle,solidity,extent,centroid,strategy,corner_proximity,border_proximity,orientation_mismatch,zone,filename,is_detection
"[[917, 1011], [917, 1013], [919, 1015], [920, 1015], [922, 1017], [927, 1017], [928, 1016], [929, 1016], [932, 1013], [931, 1013], [930, 1012], [927, 1012], [926, 1011]]",64,36.14213526,"((924.5, 1014.0), (6.0, 15.0), 90.0)","[[917, 1011], [932, 1011], [932, 1017], [917, 1017]]",6,15,0.4,15,horizontal,horizontal,90,0,0.948148148,0.711111111,"(924.0052083333333, 1013.734375)",thin_border,0.243872892,0.005208333,FALSE,bottom,TileScan_001_s003_ch00_bin.png,FALSE
"[[48, 8], [47, 9], [46, 9], [47, 9], [48, 10], [48, 11], [49, 12], [49, 14], [48, 15], [46, 15], [45, 16], [40, 16], [39, 15], [30, 15], [30, 17], [31, 18], [34, 18], [35, 17], [36, 18], [38, 18], [39, 17], [42, 17], [43, 16], [50, 16], [51, 17], [53, 17], [55, 15], [54, 15], [53, 14], [54, 13], [55, 13], [58, 10], [58, 9], [57, 9], [56, 8]]",94,80.28427064,"((43.99558639526367, 12.93362808227539), (9.312660217285156, 28.47013282775879), 86.18592071533203)","[[29, 9], [57, 7], [58, 16], [30, 18]]",9.312660217,28.47013283,0.327102802,28.47013283,horizontal,horizontal,86.18592072,-3.814077854,0.501333333,0.354539479,"(46.79432624113475, 13.26418439716312)",thick_border,0.01797087,0.005208333,FALSE,top,TileScan_001_s008_ch00_bin.png,FALSE
"[[1199, 6], [1200, 7], [1204, 7], [1205, 8], [1213, 8], [1214, 9], [1221, 9], [1222, 8], [1220, 6]]",46,48.48528123,"((1210.5, 7.5), (3.0, 23.0), 90.0)","[[1199, 6], [1222, 6], [1222, 9], [1199, 9]]",3,23,0.130434783,23,horizontal,horizontal,90,0,0.884615385,0.666666667,"(1212.4130434782608, 7.213768115942028)",thick_border,0.072291635,0.004464286,FALSE,top,TileScan_001_s034_ch00_bin.png,FALSE
"[[161, 19], [160, 20], [170, 20], [171, 21], [172, 20], [174, 20], [173, 20], [172, 19]]",13,29.65685415,"((167.0, 20.0), (2.0, 14.0), 90.0)","[[160, 19], [174, 19], [174, 21], [160, 21]]",2,14,0.142857143,14,horizontal,horizontal,90,0,0.666666667,0.464285714,"(166.84615384615384, 19.576923076923077)",thin_border,0.095359584,0.014136905,FALSE,top,TileScan_001_s041_ch00_bin.png,FALSE
"[[855, 1017], [854, 1018], [854, 1019], [855, 1020], [863, 1020], [862, 1019], [861, 1019], [860, 1018], [859, 1018], [858, 1017]]",18.5,21.07106769,"((858.5, 1018.5), (3.0, 9.0), 90.0)","[[854, 1017], [863, 1017], [863, 1020], [854, 1020]]",3,9,0.333333333,9,horizontal,horizontal,90,0,0.948717949,0.685185185,"(857.6306306306305, 1018.7297297297297)",thin_border,0.28468444,0.00297619,FALSE,bottom,TileScan_001_s052_ch00_bin.png,FALSE
"[[879, 11], [879, 12], [880, 12], [881, 13], [883, 13], [884, 14], [885, 14], [886, 15], [888, 15], [884, 11]]",15.5,21.89949477,"((883.7068481445312, 12.482779502868652), (9.841853141784668, 2.971125364303589), 21.801406860351562)","[[878, 12], [879, 9], [888, 12], [887, 15]]",9.841853142,2.971125364,3.312500125,9.841853142,horizontal,horizontal,21.80140686,21.80138969,0.861111111,0.530070751,"(883.3978494623656, 12.602150537634408)",thin_border,0.269972051,0.006696429,FALSE,top,TileScan_001_s052_ch00_bin.png,FALSE
"[[306, 5], [307, 6], [309, 6], [310, 7], [313, 7], [314, 6], [314, 5]]",11.5,18.24264061,"((310.0, 6.0), (2.0, 8.0), 90.0)","[[306, 5], [314, 5], [314, 7], [306, 7]]",2,8,0.25,8,horizontal,horizontal,90,0,0.92,0.71875,"(310.6811594202898, 5.826086956521739)",thin_border,0.181126933,0.003720238,FALSE,top,TileScan_001_s059_ch00_bin.png,FALSE
"[[194, 3], [196, 3], [197, 4], [199, 4], [200, 5], [201, 5], [206, 10], [206, 11], [207, 12], [207, 14], [208, 15], [208, 16], [209, 16], [211, 18], [212, 18], [213, 19], [214, 19], [215, 20], [218, 20], [219, 21], [221, 21], [222, 22], [226, 22], [227, 23], [230, 23], [231, 24], [233, 24], [234, 25], [236, 25], [237, 26], [241, 26], [242, 27], [251, 27], [252, 26], [258, 26], [259, 25], [260, 25], [261, 24], [262, 24], [266, 20], [267, 20], [272, 15], [273, 15], [275, 13], [276, 13], [277, 12], [278, 12], [279, 11], [280, 11], [281, 10], [283, 10], [284, 9], [287, 9], [288, 8], [290, 8], [291, 7], [296, 7], [297, 6], [301, 6], [302, 5], [305, 5], [306, 4], [309, 4], [310, 3], [313, 3]]",1521,260.2253959,"((253.5, 15.0), (24.0, 119.0), 90.0)","[[194, 3], [313, 3], [313, 27], [194, 27]]",24,119,0.201680672,119,horizontal,horizontal,90,0,0.860050891,0.532563025,"(245.2746000438308, 12.182007451238219)",thick_border,0.114830508,0.002232143,FALSE,top,TileScan_001_s062_ch00_bin.png,FALSE
"[[1018, 13], [1018, 14], [1017, 15], [1017, 16], [1018, 17], [1020, 17], [1022, 15], [1020, 13]]",14,14.48528123,"((1019.0000610351562, 15.000018119812012), (4.242640495300293, 4.242640495300293), 45.0)","[[1016, 15], [1019, 12], [1022, 15], [1019, 18]]",4.242640495,4.242640495,1,4.242640495,horizontal,vertical,45,45.00001526,0.965517241,0.777777848,"(1019.2738095238094, 15.071428571428571)",thin_border,0.190778847,0.008928571,TRUE,top,TileScan_001_s076_ch00_bin.png,FALSE
"[[669, 1015], [668, 1016], [667, 1016], [671, 1016], [672, 1017], [674, 1017], [675, 1018], [676, 1018], [677, 1017], [677, 1016], [676, 1015]]",15.5,23.07106769,"((672.0, 1016.5), (3.0, 10.0), 90.0)","[[667, 1015], [677, 1015], [677, 1018], [667, 1018]]",3,10,0.3,10,horizontal,horizontal,90,0,0.775,0.516666667,"(673.5053763440859, 1016.1075268817204)",thin_border,0.394772636,0.004464286,FALSE,bottom,TileScan_001_s078_ch00_bin.png,FALSE
"[[832, 1005], [831, 1006], [830, 1006], [828, 1008], [827, 1008], [826, 1009], [825, 1009], [824, 1010], [822, 1010], [821, 1011], [787, 1011], [786, 1012], [784, 1012], [783, 1013], [781, 1013], [780, 1014], [781, 1015], [787, 1015], [788, 1016], [795, 1016], [796, 1017], [803, 1017], [804, 1018], [804, 1019], [803, 1020], [797, 1020], [849, 1020], [848, 1019], [848, 1018], [846, 1016], [846, 1013], [845, 1012], [845, 1008], [843, 1006], [836, 1006], [835, 1005]]",590.5,169.6984843,"((814.5, 1012.5), (15.0, 69.0), 90.0)","[[780, 1005], [849, 1005], [849, 1020], [780, 1020]]",15,69,0.217391304,69,horizontal,horizontal,90,0,0.776973684,0.570531401,"(821.044594976009, 1014.0970928591588)",thick_border,0.292969908,0.00297619,FALSE,bottom,TileScan_001_s081_ch00_bin.png,FALSE
"[[920, 3], [921, 4], [917, 8], [916, 8], [914, 10], [913, 10], [913, 13], [914, 12], [938, 12], [939, 13], [942, 13], [943, 12], [943, 10], [942, 10], [941, 9], [939, 9], [935, 5], [935, 4], [934, 3]]",197,74.62741661,"((928.0, 8.0), (10.0, 30.0), 90.0)","[[913, 3], [943, 3], [943, 13], [913, 13]]",10,30,0.333333333,30,horizontal,horizontal,90,0,0.809034908,0.656666667,"(927.9086294416244, 8.315566835871403)",thick_border,0.237334112,0.002232143,FALSE,top,TileScan_001_s081_ch00_bin.png,FALSE
"[[202, 1006], [201, 1007], [200, 1007], [199, 1008], [198, 1008], [197, 1009], [194, 1009], [193, 1010], [185, 1010], [185, 1011], [191, 1011], [192, 1012], [218, 1012], [219, 1013], [220, 1012], [225, 1012], [223, 1012], [222, 1011], [221, 1011], [219, 1009], [218, 1009], [217, 1008], [214, 1008], [213, 1007], [209, 1007], [208, 1006]]",134.5,86.384776,"((205.06712341308594, 1009.1876831054688), (40.04661560058594, 6.588075637817383), 2.12109637260437)","[[184, 1011], [185, 1005], [225, 1006], [224, 1013]]",40.0466156,6.588075638,6.078651461,40.0466156,horizontal,horizontal,2.121096373,2.121076822,0.753501401,0.50979772,"(205.7893432465923, 1009.7385377942998)",thick_border,0.109169848,0.008184524,FALSE,bottom,TileScan_001_s083_ch00_bin.png,FALSE
"[[121, 1002], [120, 1003], [116, 1003], [115, 1004], [114, 1004], [113, 1005], [117, 1005], [118, 1004], [122, 1004], [123, 1003], [122, 1003]]",12,22.48528123,"((117.94232177734375, 1003.7115478515625), (2.1572773456573486, 10.198039054870605), 78.69007110595703)","[[112, 1003], [122, 1001], [123, 1003], [113, 1005]]",2.157277346,10.19803905,0.211538447,10.19803905,horizontal,horizontal,78.69007111,-11.30993176,0.705882353,0.54545458,"(118.0, 1003.7638888888888)",thick_border,0.067441095,0.014136905,FALSE,bottom,TileScan_001_s083_ch00_bin.png,FALSE
"[[1188, 3], [1188, 19], [1189, 19], [1189, 18], [1190, 17], [1190, 3]]",30.5,35.41421354,"((1189.0, 11.0), (16.0, 2.0), 90.0)","[[1188, 3], [1190, 3], [1190, 19], [1188, 19]]",16,2,8,16,horizontal,vertical,90,-90,0.983870968,0.953125,"(1188.9726775956283, 10.644808743169397)",thin_border,0.09116051,0.002232143,TRUE,top,TileScan_001_s111_ch00_bin.png,FALSE
"[[30, 1004], [30, 1018], [65, 1018], [66, 1019], [106, 1019], [107, 1020], [636, 1020], [585, 1020], [584, 1019], [559, 1019], [558, 1018], [524, 1018], [523, 1017], [483, 1017], [482, 1016], [449, 1016], [448, 1015], [412, 1015], [411, 1014], [375, 1014], [374, 1013], [339, 1013], [338, 1012], [303, 1012], [302, 1011], [268, 1011], [267, 1010], [231, 1010], [230, 1009], [193, 1009], [192, 1008], [153, 1008], [152, 1007], [115, 1007], [114, 1006], [77, 1006], [76, 1005], [37, 1005], [36, 1004]]",4503,1233.455844,"((332.8363342285156, 1018.5458984375), (606.2105102539062, 14.245548248291016), 1.432096242904663)","[[29, 1018], [30, 1003], [636, 1019], [635, 1033]]",606.2105103,14.24554825,42.55438258,606.2105103,horizontal,horizontal,1.432096243,1.432088852,0.923124231,0.521433966,"(228.1042268117551, 1014.5985269079871)",thick_border,0.017526832,-0.006696429,FALSE,bottom,TileScan_001_s115_ch00_bin.png,TRUE
"[[1291, 3], [1290, 4], [1290, 9], [1291, 10], [1291, 11], [1292, 12], [1293, 12], [1294, 13], [1295, 13], [1296, 14], [1298, 14], [1299, 15], [1301, 15], [1302, 16], [1304, 16], [1308, 20], [1310, 20], [1311, 21], [1311, 22], [1310, 23], [1287, 23], [1286, 24], [1280, 24], [1285, 24], [1287, 26], [1291, 26], [1292, 27], [1305, 27], [1306, 28], [1307, 28], [1308, 27], [1313, 27], [1314, 26], [1314, 3]]",429,148.2842708,"((1297.0, 15.5), (25.0, 34.0), 90.0)","[[1280, 3], [1314, 3], [1314, 28], [1280, 28]]",25,34,0.735294118,34,horizontal,horizontal,90,0,0.613295211,0.504705882,"(1303.119658119658, 13.936674436674435)",thick_border,0.017843727,0.002232143,FALSE,top,TileScan_001_s125_ch00_bin.png,FALSE
"[[103, 1013], [102, 1014], [100, 1014], [99, 1015], [98, 1015], [97, 1016], [96, 1016], [92, 1020], [100, 1020], [101, 1019], [102, 1019], [103, 1018], [104, 1018], [105, 1017], [106, 1017], [107, 1016], [108, 1016], [108, 1015], [109, 1014], [108, 1013]]",63.5,40.384776,"((100.40001678466797, 1016.8001708984375), (5.366562843322754, 17.8885440826416), 63.43495178222656)","[[91, 1018], [107, 1010], [109, 1015], [93, 1023]]",5.366562843,17.88854408,0.299999979,17.88854408,horizontal,horizontal,63.43495178,-26.56505013,0.933823529,0.661458361,"(100.91076115485563, 1016.5905511811023)",thin_border,0.053974296,0.000744048,FALSE,bottom,TileScan_001_s130_ch00_bin.png,FALSE
"[[126, 1009], [126, 1010], [127, 1010], [128, 1009]]",1.5,5.414213538,"((127.0, 1009.5), (1.0, 2.0), 90.0)","[[126, 1009], [128, 1009], [128, 1010], [126, 1010]]",1,2,0.5,2,horizontal,horizontal,90,0,1,0.75,"(126.77777777777777, 1009.4444444444443)",thin_border,0.075030631,0.010416667,FALSE,bottom,TileScan_001_s130_ch00_bin.png,FALSE
"[[1054, 17], [1053, 18], [1052, 18], [1052, 20], [1055, 20], [1055, 19], [1056, 18], [1055, 17]]",8.5,12.24264061,"((1054.0, 18.5), (3.0, 4.0), 90.0)","[[1052, 17], [1056, 17], [1056, 20], [1052, 20]]",3,4,0.75,4,horizontal,horizontal,90,0,0.894736842,0.708333333,"(1053.8431372549019, 18.627450980392155)",thin_border,0.170746343,0.01264881,FALSE,top,TileScan_001_s130_ch00_bin.png,FALSE
"[[1056, 3], [1055, 4], [1055, 6], [1054, 7], [1054, 10], [1055, 11], [1056, 11], [1057, 10], [1059, 10], [1060, 9], [1061, 9], [1062, 8], [1063, 8], [1064, 7], [1065, 7], [1067, 5], [1068, 5], [1070, 3], [1071, 3]]",74.5,43.55634892,"((1062.5, 7.0), (8.0, 17.0), 90.0)","[[1054, 3], [1071, 3], [1071, 11], [1054, 11]]",8,17,0.470588235,17,horizontal,horizontal,90,0,0.93125,0.547794118,"(1060.158836689038, 6.069351230425055)",thin_border,0.161581823,0.002232143,FALSE,top,TileScan_001_s130_ch00_bin.png,FALSE
"[[567, 7], [569, 7], [570, 8], [590, 8], [589, 8], [588, 7]]",19,46.82842708,"((578.5, 7.5), (1.0, 23.0), 90.0)","[[567, 7], [590, 7], [590, 8], [567, 8]]",1,23,0.043478261,23,horizontal,horizontal,90,0,0.926829268,0.826086957,"(579.0, 7.5)",thin_border,0.335598329,0.005208333,FALSE,top,TileScan_001_s137_ch00_bin.png,FALSE
"[[958, 3], [957, 4], [955, 4], [954, 5], [951, 5], [950, 6], [947, 6], [946, 7], [944, 7], [943, 8], [940, 8], [939, 9], [937, 9], [936, 10], [935, 10], [941, 10], [942, 9], [951, 9], [952, 8], [957, 8], [958, 7], [960, 7], [961, 6], [963, 6], [964, 5], [966, 5], [967, 4], [969, 4], [970, 3], [991, 3], [992, 4], [994, 4], [995, 3], [996, 3]]",85,128.6274166,"((965.2959594726562, 4.744664192199707), (5.151337623596191, 61.40024948120117), 83.36748504638672)","[[934, 5], [995, -1], [996, 3], [935, 10]]",5.151337624,61.40024948,0.083897666,61.40024948,horizontal,horizontal,83.36748505,-6.632508755,0.460704607,0.268737811,"(955.3529411764706, 6.156862745098039)",thin_border,0.205967652,-0.000744048,FALSE,top,TileScan_001_s139_ch00_bin.png,FALSE
"[[15, 1014], [15, 1020], [38, 1020], [38, 1017], [36, 1015], [16, 1015]]",113.5,56.24264061,"((26.5, 1017.0), (23.0, 6.0), 0.0)","[[15, 1020], [15, 1014], [38, 1014], [38, 1020]]",23,6,3.833333333,23,horizontal,horizontal,0,0,0.91902834,0.822463768,"(26.259911894273127, 1017.5198237885462)",thin_border,0.009187813,0.00297619,FALSE,bottom,TileScan_001_s150_ch00_bin.png,TRUE
"[[34, 13], [33, 14], [32, 14], [32, 15], [34, 15], [35, 14]]",3.5,8.242640615,"((33.400001525878906, 14.300002098083496), (1.7888542413711548, 3.130495071411133), 63.43495178222656)","[[31, 14], [34, 12], [35, 14], [32, 15]]",1.788854241,3.130495071,0.571428544,3.130495071,horizontal,horizontal,63.43495178,-26.56503296,0.875,0.625000069,"(33.476190476190474, 14.238095238095237)",thin_border,0.02013123,0.008928571,FALSE,top,TileScan_001_s155_ch00_bin.png,FALSE
"[[41, 7], [40, 8], [39, 8], [38, 9], [38, 10], [39, 11], [40, 11], [41, 10], [42, 10], [43, 9], [43, 8], [42, 8]]",12,14.48528123,"((40.5, 9.0), (3.130495071411133, 5.366562843322754), 63.43495178222656)","[[37, 8], [42, 6], [43, 9], [38, 11]]",3.130495071,5.366562843,0.583333348,5.366562843,horizontal,horizontal,63.43495178,-26.56504822,0.888888889,0.714285777,"(40.375, 9.125)",thin_border,0.02240406,0.004464286,FALSE,top,TileScan_001_s155_ch00_bin.png,FALSE
"[[29, 492], [29, 513], [31, 515], [31, 510], [32, 509], [32, 504], [31, 503], [31, 498], [30, 497], [30, 495], [29, 494]]",42,48.48528123,"((30.5, 503.5), (3.0, 23.0), 0.0)","[[29, 515], [29, 492], [32, 492], [32, 515]]",3,23,0.130434783,23,vertical,vertical,0,-90,0.857142857,0.608695652,"(30.186507936507933, 505.1666666666667)",thick_border,0.291690217,0.021577381,FALSE,left,TileScan_001_s159_ch00_bin.png,FALSE
"[[3, 30], [3, 425], [3, 417], [4, 416], [4, 410], [5, 409], [5, 402], [6, 401], [6, 381], [7, 380], [7, 349], [8, 348], [8, 313], [9, 312], [9, 285], [10, 284], [10, 245], [11, 244], [11, 202], [12, 201], [12, 177], [13, 176], [13, 132], [14, 131], [14, 94], [15, 93], [15, 55], [16, 54], [16, 30]]",3065.5,808.384776,"((9.5, 227.5), (395.0, 13.0), 90.0)","[[3, 30], [16, 30], [16, 425], [3, 425]]",395,13,30.38461538,395,vertical,vertical,90,-90,0.937318453,0.5969815,"(7.605665198716903, 178.76926004458215)",thick_border,0.017843727,0.002232143,FALSE,left,TileScan_001_s159_ch00_bin.png,TRUE
"[[377, 1019], [376, 1020], [375, 1020], [387, 1020], [387, 1019]]",10.5,25.41421354,"((381.0, 1019.5), (1.0, 12.0), 90.0)","[[375, 1019], [387, 1019], [387, 1020], [375, 1020]]",1,12,0.083333333,12,horizontal,horizontal,90,0,0.954545455,0.875,"(381.7460317460317, 1019.5079365079364)",thick_border,0.22195228,0.00297619,FALSE,bottom,TileScan_001_s160_ch00_bin.png,FALSE
"[[3, 30], [3, 261], [3, 254], [4, 253], [4, 241], [5, 240], [5, 236], [4, 235], [4, 228], [5, 227], [5, 196], [6, 195], [6, 152], [7, 151], [7, 119], [8, 118], [8, 82], [9, 81], [9, 44], [10, 43], [10, 30]]",866.5,472.7279218,"((6.5, 145.5), (231.0, 7.0), 90.0)","[[3, 30], [10, 30], [10, 261], [3, 261]]",231,7,33,231,vertical,vertical,90,-90,0.865634366,0.535868893,"(5.33467974610502, 113.01115599153682)",thick_border,0.017843727,0.002232143,FALSE,left,TileScan_001_s160_ch00_bin.png,TRUE
"[[3, 15], [3, 72], [3, 69], [4, 68], [4, 67], [5, 66], [5, 62], [4, 61], [4, 58], [3, 57], [3, 30], [4, 29], [4, 25], [5, 24], [5, 22], [6, 21], [6, 15]]",46.5,119.8994948,"((4.5, 43.5), (57.0, 3.0), 90.0)","[[3, 15], [6, 15], [6, 72], [3, 72]]",57,3,19,57,vertical,vertical,90,-90,0.340659341,0.271929825,"(4.078853046594982, 35.31182795698925)",thin_border,0.009053397,0.002232143,FALSE,left,TileScan_001_s161_ch00_bin.png,TRUE
"[[1125, 11], [1125, 14], [1126, 15], [1130, 15], [1132, 17], [1133, 17], [1134, 18], [1136, 18], [1136, 14], [1135, 13], [1135, 12], [1134, 11]]",53,32.48528123,"((1130.5, 14.5), (7.0, 11.0), 90.0)","[[1125, 11], [1136, 11], [1136, 18], [1125, 18]]",7,11,0.636363636,11,horizontal,horizontal,90,0,0.898305085,0.688311688,"(1131.0314465408806, 13.798742138364778)",thin_border,0.123274553,0.008184524,FALSE,top,TileScan_001_s162_ch00_bin.png,FALSE
"[[30, 1014], [30, 1020], [250, 1020], [248, 1020], [247, 1019], [242, 1019], [241, 1018], [240, 1019], [199, 1019], [198, 1018], [180, 1018], [179, 1017], [166, 1017], [165, 1016], [132, 1016], [131, 1015], [108, 1015], [107, 1014], [101, 1014], [100, 1015], [45, 1015], [44, 1014]]",795,450.1421354,"((140.00001525878906, 1017.0), (5.999999046325684, 219.99996948242188), 90.0)","[[30, 1014], [250, 1014], [250, 1020], [30, 1020]]",5.999999046,219.9999695,0.027272727,219.9999695,horizontal,horizontal,90,0,0.788299455,0.602272907,"(110.74213836477988, 1017.7545073375261)",thick_border,0.017912301,0.00297619,FALSE,bottom,TileScan_001_s164_ch00_bin.png,TRUE
"[[3, 128], [3, 201], [4, 200], [4, 199], [6, 197], [6, 196], [7, 195], [7, 194], [8, 193], [8, 191], [9, 190], [9, 187], [10, 186], [10, 148], [11, 147], [11, 136], [10, 135], [9, 135], [8, 136], [6, 136], [5, 135], [5, 134], [4, 133], [4, 129]]",434.5,156.384776,"((7.0, 164.5), (8.0, 73.0), 0.0)","[[3, 201], [3, 128], [11, 128], [11, 201]]",8,73,0.109589041,73,vertical,vertical,0,-90,0.909947644,0.744006849,"(6.410433448408131, 163.94476409666282)",thick_border,0.075776206,0.002232143,FALSE,left,TileScan_001_s167_ch00_bin.png,FALSE
"[[16, 114], [15, 115], [14, 115], [12, 117], [12, 120], [11, 121], [11, 122], [10, 123], [10, 125], [10, 124], [11, 123], [12, 124], [12, 125], [13, 124], [15, 124], [16, 123], [17, 123], [18, 122], [20, 122], [21, 121], [22, 121], [22, 116], [20, 114]]",84.5,42.384776,"((15.413793563842773, 119.03448486328125), (8.913376808166504, 14.484235763549805), 68.19859313964844)","[[7, 117], [20, 112], [23, 120], [10, 125]]",8.913376808,14.48423576,0.615384681,14.48423576,vertical,horizontal,68.19859314,-21.80138206,0.894179894,0.654513874,"(16.48126232741617, 118.97435897435896)",thick_border,0.067334539,0.005208333,TRUE,left,TileScan_001_s167_ch00_bin.png,FALSE
"[[1323, 573], [1323, 580], [1322, 581], [1322, 591], [1323, 590], [1323, 584], [1324, 583], [1324, 573]]",20.5,38.24264061,"((1323.0, 582.0), (18.0, 2.0), 90.0)","[[1322, 573], [1324, 573], [1324, 591], [1322, 591]]",18,2,9,18,vertical,vertical,90,-90,0.759259259,0.569444444,"(1323.0081300813008, 581.7886178861788)",thick_border,0.256539542,0.014880952,FALSE,right,TileScan_001_s170_ch00_bin.png,FALSE
"[[35, 3], [36, 3], [39, 6], [40, 6], [42, 8], [43, 8], [45, 10], [46, 10], [49, 13], [50, 13], [52, 15], [53, 15], [54, 16], [55, 16], [56, 17], [57, 17], [58, 18], [59, 18], [60, 19], [62, 19], [63, 20], [68, 20], [69, 21], [76, 21], [77, 22], [82, 22], [83, 23], [87, 23], [88, 24], [92, 24], [93, 25], [105, 25], [107, 23], [108, 23], [109, 22], [110, 22], [112, 20], [113, 20], [115, 18], [116, 18], [118, 16], [119, 16], [121, 14], [122, 14], [124, 12], [125, 12], [128, 9], [129, 9], [135, 3]]",1439,218.2253951,"((85.0, 14.0), (22.0, 100.0), 90.0)","[[35, 3], [135, 3], [135, 25], [35, 25]]",22,100,0.22,100,horizontal,horizontal,90,0,0.97559322,0.654090909,"(86.93537178596247, 11.651725735464442)",thick_border,0.020790322,0.002232143,FALSE,top,TileScan_001_s174_ch00_bin.png,FALSE
"[[5, 794], [4, 795], [4, 798], [3, 799], [3, 814], [4, 815], [4, 816], [5, 816]]",37.5,46.24264061,"((4.0, 805.0), (22.0, 2.0), 90.0)","[[3, 794], [5, 794], [5, 816], [3, 816]]",22,2,11,22,vertical,vertical,90,-90,0.949367089,0.852272727,"(4.08, 805.7822222222222)",thin_border,0.123115332,0.002232143,FALSE,left,TileScan_001_s174_ch00_bin.png,FALSE
"[[1322, 347], [1322, 348], [1321, 349], [1321, 351], [1320, 352], [1320, 358], [1321, 358], [1322, 357], [1322, 355], [1323, 354], [1323, 347]]",23,25.65685415,"((1321.5, 352.5), (11.0, 3.0), 90.0)","[[1320, 347], [1323, 347], [1323, 358], [1320, 358]]",11,3,3.666666667,11,vertical,vertical,90,-90,0.901960784,0.696969697,"(1321.5434782608695, 352.7608695652174)",thick_border,0.205743898,0.015625,FALSE,right,TileScan_001_s176_ch00_bin.png,FALSE
"[[1333, 230], [1332, 231], [1332, 255], [1331, 256], [1331, 271], [1330, 272], [1330, 281], [1329, 282], [1329, 306], [1330, 307], [1330, 308], [1331, 309], [1332, 309], [1333, 308], [1334, 308], [1335, 307], [1337, 307], [1339, 309], [1339, 348], [1340, 349], [1340, 241], [1339, 240], [1339, 237], [1338, 236], [1338, 234], [1334, 230]]",752.5,254.0416301,"((1334.5, 289.5), (119.0, 11.0), 90.0)","[[1329, 230], [1340, 230], [1340, 349], [1329, 349]]",119,11,10.81818182,119,vertical,vertical,90,-90,0.763184584,0.57486631,"(1335.3067552602436, 276.0983388704319)",thick_border,0.136143572,0.00297619,FALSE,right,TileScan_001_s176_ch00_bin.png,FALSE
"[[1325, 227], [1324, 228], [1324, 232], [1325, 233], [1325, 237], [1326, 237], [1326, 227]]",15,22.82842708,"((1325.0, 232.0), (10.0, 2.0), 90.0)","[[1324, 227], [1326, 227], [1326, 237], [1324, 237]]",10,2,5,10,vertical,vertical,90,-90,0.882352941,0.75,"(1325.1777777777777, 231.33333333333334)",thick_border,0.134769178,0.013392857,FALSE,right,TileScan_001_s176_ch00_bin.png,FALSE
"[[1058, 21], [1059, 22], [1062, 22], [1063, 23], [1065, 23], [1066, 24], [1072, 24], [1073, 23], [1075, 23], [1076, 22], [1078, 22], [1074, 22], [1073, 21]]",35,42.48528123,"((1068.0, 22.5), (3.0, 20.0), 90.0)","[[1058, 21], [1078, 21], [1078, 24], [1058, 24]]",3,20,0.15,20,horizontal,horizontal,90,0,0.833333333,0.583333333,"(1067.7142857142858, 22.26190476190476)",thick_border,0.157919036,0.015625,FALSE,top,TileScan_001_s181_ch00_bin.png,FALSE
"[[1340, 924], [1340, 943], [1339, 944], [1339, 955], [1340, 956], [1340, 994], [1339, 995], [1339, 1009], [1340, 1009]]",26.5,172.2426406,"((1339.5, 966.5), (85.0, 1.0), 90.0)","[[1339, 924], [1340, 924], [1340, 1009], [1339, 1009]]",85,1,85,85,vertical,vertical,90,-90,0.353333333,0.311764706,"(1339.5094339622642, 978.0880503144654)",thin_border,0.009187813,0.00297619,FALSE,right,TileScan_001_s187_ch00_bin.png,TRUE
"[[1340, 697], [1340, 725], [1339, 726], [1339, 763], [1338, 764], [1338, 799], [1337, 800], [1337, 836], [1336, 837], [1336, 873], [1335, 874], [1335, 909], [1334, 910], [1334, 946], [1333, 947], [1333, 983], [1332, 984], [1332, 994], [1340, 994]]",1114,605.3137083,"((1336.0, 845.5), (297.0, 8.0), 90.0)","[[1332, 697], [1340, 697], [1340, 994], [1332, 994]]",297,8,37.125,297,vertical,vertical,90,-90,0.886589733,0.468855219,"(1337.386594853381, 898.898264512268)",thick_border,0.017912301,0.00297619,FALSE,right,TileScan_001_s188_ch00_bin.png,TRUE
"[[1340, 433], [1340, 449], [1339, 450], [1339, 526], [1338, 527], [1338, 572], [1337, 573], [1337, 590], [1336, 591], [1336, 611], [1335, 612], [1335, 634], [1334, 635], [1334, 687], [1333, 688], [1333, 690], [1334, 691], [1334, 696], [1333, 697], [1333, 712], [1332, 713], [1332, 732], [1331, 733], [1331, 735], [1332, 736], [1332, 754], [1331, 755], [1331, 780], [1330, 781], [1330, 833], [1329, 834], [1329, 849], [1328, 850], [1328, 855], [1327, 856], [1327, 879], [1326, 880], [1326, 906], [1325, 907], [1325, 946], [1324, 947], [1324, 978], [1323, 979], [1323, 988], [1322, 989], [1322, 994], [1340, 994]]",4331,1149.112698,"((1331.0, 713.5), (561.0, 18.0), 90.0)","[[1322, 433], [1340, 433], [1340, 994], [1322, 994]]",561,18,31.16666667,561,vertical,vertical,90,-90,0.829852462,0.428896811,"(1334.39594396983, 821.4929577464789)",thick_border,0.017912301,0.00297619,FALSE,right,TileScan_001_s189_ch00_bin.png,TRUE
"[[376, 3], [376, 8], [378, 10], [381, 10], [382, 9], [382, 7], [384, 5], [384, 4], [385, 3]]",46,28.48528123,"((380.5, 6.5), (7.0, 9.0), 90.0)","[[376, 3], [385, 3], [385, 10], [376, 10]]",7,9,0.777777778,9,horizontal,horizontal,90,0,0.948453608,0.73015873,"(379.63768115942025, 6.054347826086956)",thin_border,0.222538576,0.002232143,FALSE,top,TileScan_001_s197_ch00_bin.png,FALSE
"[[890, 3], [892, 5], [892, 6], [893, 7], [893, 8], [894, 9], [894, 10], [895, 11], [895, 16], [898, 19], [898, 20], [902, 24], [906, 24], [907, 23], [907, 17], [908, 16], [908, 13], [909, 12], [909, 10], [910, 9], [910, 7], [911, 6], [911, 5], [912, 4], [912, 3]]",277,75.45584357,"((901.0, 13.5), (21.0, 22.0), 90.0)","[[890, 3], [912, 3], [912, 24], [890, 24]]",21,22,0.954545455,22,horizontal,horizontal,90,0,0.892109501,0.5995671,"(901.8104693140795, 11.48014440433213)",thick_border,0.255680646,0.002232143,FALSE,top,TileScan_001_s199_ch00_bin.png,FALSE
"[[1143, 1006], [1142, 1007], [1142, 1008], [1141, 1009], [1141, 1013], [1142, 1014], [1142, 1018], [1144, 1020], [1184, 1020], [1184, 1018], [1181, 1018], [1180, 1017], [1180, 1014], [1181, 1013], [1183, 1013], [1184, 1012], [1184, 1009], [1182, 1007], [1180, 1007], [1179, 1006]]",564.5,115.5563489,"((1162.5, 1013.0), (14.0, 43.0), 90.0)","[[1141, 1006], [1184, 1006], [1184, 1020], [1141, 1020]]",14,43,0.325581395,43,horizontal,horizontal,90,0,0.960851064,0.937707641,"(1162.018010038382, 1012.9527605550634)",thick_border,0.09472384,0.00297619,FALSE,bottom,TileScan_001_s206_ch00_bin.png,FALSE
"[[930, 1004], [925, 1009], [925, 1010], [923, 1012], [923, 1013], [922, 1014], [922, 1016], [921, 1017], [921, 1019], [920, 1020], [937, 1020], [937, 1016], [936, 1015], [936, 1011], [935, 1010], [935, 1009], [934, 1008], [934, 1007], [933, 1006], [933, 1005], [932, 1005], [931, 1004]]",181.5,57.21320319,"((928.5, 1012.0), (16.0, 17.0), 90.0)","[[920, 1004], [937, 1004], [937, 1020], [920, 1020]]",16,17,0.941176471,17,horizontal,horizontal,90,0,0.96031746,0.667279412,"(929.4499540863177, 1013.702479338843)",thick_border,0.240890137,0.00297619,FALSE,bottom,TileScan_001_s209_ch00_bin.png,FALSE
"[[1106, 3], [1130, 3], [1131, 4], [1182, 4], [1183, 5], [1208, 5], [1209, 6], [1246, 6], [1247, 7], [1270, 7], [1271, 8], [1314, 8], [1314, 3]]",531.5,423.0710677,"((1210.0, 5.5), (5.0, 208.0), 90.0)","[[1106, 3], [1314, 3], [1314, 8], [1106, 8]]",5,208,0.024038462,208,horizontal,horizontal,90,0,0.820849421,0.511057692,"(1249.5186578864848, 4.8519912198181245)",thick_border,0.017843727,0.002232143,FALSE,top,TileScan_001_s209_ch00_bin.png,TRUE
"[[251, 6], [250, 7], [250, 11], [251, 12], [252, 12], [254, 10], [255, 10], [256, 9], [256, 8], [257, 7], [256, 6]]",29.5,21.89949477,"((253.5, 9.0), (6.0, 7.0), 90.0)","[[250, 6], [257, 6], [257, 12], [250, 12]]",6,7,0.857142857,7,horizontal,horizontal,90,0,0.951612903,0.702380952,"(252.864406779661, 8.491525423728813)",thin_border,0.148002376,0.004464286,FALSE,top,TileScan_001_s228_ch00_bin.png,FALSE
"[[30, 1008], [30, 1020], [484, 1020], [449, 1020], [448, 1019], [415, 1019], [414, 1018], [379, 1018], [378, 1017], [343, 1017], [342, 1016], [311, 1016], [310, 1015], [273, 1015], [272, 1014], [233, 1014], [232, 1013], [208, 1013], [207, 1012], [157, 1012], [156, 1011], [119, 1011], [118, 1010], [79, 1010], [78, 1009], [39, 1009], [38, 1008]]",2639,924.9705625,"((257.0000305175781, 1014.0), (11.999998092651367, 453.99993896484375), 90.0)","[[30, 1008], [484, 1008], [484, 1020], [30, 1020]]",11.99999809,453.999939,0.026431717,453.999939,horizontal,horizontal,90,0,0.911886662,0.484398086,"(177.4706328154604, 1016.0149677908298)",thick_border,0.017912301,0.00297619,FALSE,bottom,TileScan_001_s232_ch00_bin.png,TRUE
"[[1198, 3], [1199, 4], [1200, 4], [1201, 5], [1207, 5], [1208, 6], [1213, 6], [1214, 7], [1223, 7], [1225, 5], [1225, 3]]",78,58.48528123,"((1211.5, 5.0), (4.0, 27.0), 90.0)","[[1198, 3], [1225, 3], [1225, 7], [1198, 7]]",4,27,0.148148148,27,horizontal,horizontal,90,0,0.923076923,0.722222222,"(1213.8547008547007, 4.628205128205129)",thick_border,0.070451227,0.002232143,FALSE,top,TileScan_001_s232_ch00_bin.png,FALSE
"[[842, 3], [873, 3], [874, 4], [907, 4], [908, 5], [942, 5], [943, 6], [975, 6], [976, 7], [1008, 7], [1009, 8], [1045, 8], [1046, 9], [1081, 9], [1082, 10], [1116, 10], [1117, 11], [1152, 11], [1153, 12], [1189, 12], [1190, 13], [1226, 13], [1227, 14], [1262, 14], [1263, 15], [1297, 15], [1298, 16], [1314, 16], [1314, 3]]",3002.5,962.384776,"((1078.0, 9.5), (13.0, 472.0), 90.0)","[[842, 3], [1314, 3], [1314, 16], [842, 16]]",13,472,0.027542373,472,horizontal,horizontal,90,0,0.928991337,0.489325293,"(1160.3736330835413, 7.349431029697474)",thick_border,0.017843727,0.002232143,FALSE,top,TileScan_001_s258_ch00_bin.png,TRUE
"[[673, 1014], [672, 1015], [672, 1016], [671, 1017], [671, 1018], [670, 1019], [670, 1020], [675, 1020], [675, 1018], [676, 1017], [676, 1016], [674, 1014]]",24,20.48528123,"((673.3999633789062, 1017.7000732421875), (4.919349670410156, 7.155416965484619), 26.56505012512207)","[[669, 1019], [672, 1013], [677, 1015], [674, 1022]]",4.91934967,7.155416965,0.687500071,7.155416965,horizontal,vertical,26.56505013,-63.43538666,0.923076923,0.681818219,"(673.1875, 1017.3888888888888)",thin_border,0.394792599,0.001488095,TRUE,bottom,TileScan_001_s265_ch00_bin.png,FALSE
"[[693, 17], [692, 18], [689, 18], [690, 19], [695, 19], [696, 18], [695, 17]]",9,15.65685415,"((692.5, 18.0), (2.0, 7.0), 90.0)","[[689, 17], [696, 17], [696, 19], [689, 19]]",2,7,0.285714286,7,horizontal,horizontal,90,0,0.857142857,0.642857143,"(693.0, 18.166666666666668)",thin_border,0.383643676,0.01264881,FALSE,top,TileScan_001_s265_ch00_bin.png,FALSE
"[[703, 7], [701, 9], [701, 10], [702, 10], [703, 11], [706, 8], [705, 7]]",11.5,13.89949465,"((703.25, 8.750019073486328), (2.8284268379211426, 4.949747562408447), 45.0)","[[700, 9], [704, 6], [706, 8], [702, 11]]",2.828426838,4.949747562,0.571428503,4.949747562,horizontal,horizontal,45,-45,0.958333333,0.821428639,"(703.3623188405796, 8.71014492753623)",thin_border,0.377623015,0.004464286,FALSE,top,TileScan_001_s265_ch00_bin.png,FALSE
"[[1271, 3], [1307, 3], [1308, 4], [1314, 4], [1314, 3]]",6.5,87.41421354,"((1292.5, 3.5), (1.0, 43.0), 90.0)","[[1271, 3], [1314, 3], [1314, 4], [1271, 4]]",1,43,0.023255814,43,horizontal,horizontal,90,0,0.265306122,0.151162791,"(1310.7435897435896, 3.487179487179487)",thick_border,0.017843727,0.002232143,FALSE,top,TileScan_001_s277_ch00_bin.png,TRUE
"[[610, 9], [609, 10], [608, 10], [607, 11], [607, 15], [606, 16], [606, 20], [607, 21], [608, 21], [611, 18], [611, 17], [617, 11], [617, 10], [616, 9]]",75,37.79898918,"((609.8118286132812, 13.552946090698242), (7.59256649017334, 14.968201637268066), 40.601295471191406)","[[602, 16], [611, 5], [617, 10], [607, 21]]",7.59256649,14.96820164,0.507246406,14.96820164,horizontal,vertical,40.60129547,-49.39860153,0.931677019,0.659937846,"(610.52, 13.873333333333333)",thin_border,0.356412942,0.003720238,TRUE,top,TileScan_001_s279_ch00_bin.png,FALSE
"[[30, 1016], [30, 1020], [189, 1020], [151, 1020], [150, 1019], [113, 1019], [112, 1018], [75, 1018], [74, 1017], [36, 1017], [35, 1016]]",253,323.6568542,"((109.5, 1018.0), (3.999999523162842, 158.99996948242188), 90.0)","[[30, 1016], [188, 1016], [188, 1020], [30, 1020]]",3.999999523,158.9999695,0.025157235,158.9999695,horizontal,horizontal,90,0,0.76899696,0.397798866,"(76.12121212121211, 1018.758234519104)",thick_border,0.017912301,0.00297619,FALSE,bottom,TileScan_001_s281_ch00_bin.png,TRUE
"[[549, 3], [549, 4], [551, 4], [552, 5], [561, 5], [562, 6], [566, 6], [567, 7], [569, 5], [569, 3]]",45.5,45.07106769,"((559.0, 5.0), (4.0, 20.0), 90.0)","[[549, 3], [569, 3], [569, 7], [549, 7]]",4,20,0.2,20,horizontal,horizontal,90,0,0.81981982,0.56875,"(560.5787545787546, 4.249084249084249)",thin_border,0.324924505,0.002232143,FALSE,top,TileScan_001_s284_ch00_bin.png,FALSE
"[[1169, 1010], [1168, 1011], [1164, 1011], [1163, 1012], [1156, 1012], [1157, 1012], [1158, 1013], [1160, 1013], [1161, 1014], [1166, 1014], [1168, 1012], [1169, 1012], [1170, 1011], [1171, 1011], [1171, 1010]]",24.5,33.89949477,"((1163.7427978515625, 1012.5779418945312), (3.4973154067993164, 15.129691123962402), 81.25383758544922)","[[1156, 1011], [1170, 1009], [1171, 1013], [1156, 1015]]",3.497315407,15.12969112,0.23115577,15.12969112,horizontal,horizontal,81.25383759,-8.745950699,0.7,0.463021568,"(1164.4625850340135, 1012.2857142857143)",thin_border,0.102594924,0.006696429,FALSE,bottom,TileScan_001_s295_ch00_bin.png,FALSE
"[[886, 7], [886, 8], [887, 8], [887, 7]]",1,4,"((886.5, 7.5), (1.0, 1.0), 90.0)","[[886, 7], [887, 7], [887, 8], [886, 8]]",1,1,1,1,horizontal,horizontal,90,0,1,1,"(886.5, 7.5)",thin_border,0.270502185,0.005208333,FALSE,top,TileScan_001_s295_ch00_bin.png,FALSE
"[[1100, 5], [1099, 6], [1099, 7], [1100, 8], [1101, 7], [1101, 5]]",4.5,8.242640615,"((1100.2501220703125, 6.250022888183594), (2.1213202476501465, 2.8284268379211426), 45.0)","[[1098, 6], [1100, 4], [1102, 6], [1100, 8]]",2.121320248,2.828426838,0.750000042,2.828426838,horizontal,horizontal,45,-45,1,0.75000011,"(1100.074074074074, 6.37037037037037)",thin_border,0.143269071,0.00297619,FALSE,top,TileScan_001_s309_ch00_bin.png,FALSE
"[[887, 11], [887, 12], [888, 13], [889, 13], [890, 14], [891, 14], [892, 15], [893, 15], [894, 16], [895, 16], [896, 17], [897, 17], [899, 19], [900, 19], [901, 20], [910, 20], [912, 18], [912, 17], [906, 17], [905, 16], [900, 16], [896, 12], [893, 12], [892, 11]]",83,58.62741661,"((898.9840087890625, 16.151248931884766), (25.949926376342773, 6.14446496963501), 17.354022979736328)","[[885, 15], [887, 9], [912, 17], [910, 22]]",25.94992638,6.14446497,4.223301216,25.94992638,horizontal,horizontal,17.35402298,17.35402679,0.737777778,0.520544533,"(899.4879518072289, 16.05020080321285)",thin_border,0.25587237,0.006696429,FALSE,top,TileScan_001_s314_ch00_bin.png,FALSE
"[[1064, 9], [1063, 10], [1050, 10], [1049, 11], [1042, 11], [1041, 12], [1039, 12], [1039, 13], [1058, 13], [1059, 14], [1063, 14], [1064, 15], [1067, 15], [1067, 11], [1066, 10], [1065, 10]]",83.5,63.89949477,"((1053.0, 12.0), (28.0, 6.0), 0.0)","[[1039, 15], [1039, 9], [1067, 9], [1067, 15]]",28,6,4.666666667,28,horizontal,horizontal,0,0,0.73245614,0.49702381,"(1056.0359281437127, 11.940119760479043)",thin_border,0.164025934,0.006696429,FALSE,top,TileScan_001_s314_ch00_bin.png,FALSE
"[[929, 3], [955, 3], [956, 4], [975, 4], [976, 5], [991, 5], [992, 6], [999, 6], [1000, 5], [1044, 5], [1045, 6], [1079, 6], [1080, 7], [1110, 7], [1111, 8], [1145, 8], [1146, 9], [1183, 9], [1184, 10], [1217, 10], [1218, 11], [1254, 11], [1255, 12], [1294, 12], [1295, 13], [1314, 13], [1314, 3]]",1887,784.9705625,"((1121.5, 8.0), (10.0, 385.0), 90.0)","[[929, 3], [1314, 3], [1314, 13], [929, 13]]",10,385,0.025974026,385,horizontal,horizontal,90,0,0.83717835,0.49012987,"(1187.9031973149617, 6.34181240063593)",thick_border,0.017843727,0.002232143,FALSE,top,TileScan_001_s326_ch00_bin.png,TRUE
"[[101, 1018], [100, 1019], [99, 1019], [98, 1020], [94, 1020], [114, 1020], [112, 1020], [111, 1019], [109, 1019], [108, 1018]]",21,41.65685415,"((104.0, 1019.0), (2.0, 20.0), 90.0)","[[94, 1018], [114, 1018], [114, 1020], [94, 1020]]",2,20,0.1,20,horizontal,horizontal,90,0,0.777777778,0.525,"(104.80952380952381, 1019.1349206349206)",thick_border,0.05568322,0.00297619,FALSE,bottom,TileScan_001_s330_ch00_bin.png,FALSE
"[[681, 1001], [681, 1002], [679, 1004], [717, 1004], [705, 1004], [704, 1003], [690, 1003], [689, 1002], [686, 1002], [685, 1001]]",38.5,79.07106769,"((698.0, 1002.5), (3.0, 38.0), 90.0)","[[679, 1001], [717, 1001], [717, 1004], [679, 1004]]",3,38,0.078947368,38,horizontal,horizontal,90,0,0.611111111,0.337719298,"(689.3419913419913, 1003.04329004329)",thick_border,0.371271838,0.014880952,FALSE,bottom,TileScan_001_s333_ch00_bin.png,FALSE
"[[5, 30], [5, 44], [4, 45], [4, 83], [3, 84], [3, 613], [3, 581], [4, 580], [4, 546], [5, 545], [5, 513], [6, 512], [6, 480], [7, 479], [7, 444], [8, 443], [8, 407], [9, 406], [9, 370], [10, 369], [10, 334], [11, 333], [11, 298], [12, 297], [12, 261], [13, 260], [13, 222], [14, 221], [14, 184], [15, 183], [15, 152], [16, 151], [16, 124], [17, 123], [17, 92], [18, 91], [18, 55], [19, 54], [19, 30]]",4507,1187.455844,"((4.529895782470703, 321.3341064453125), (15.2257661819458, 583.2186279296875), 1.468800663948059)","[[-10, 612], [4, 29], [19, 30], [4, 613]]",15.22576618,583.2186279,0.026106447,583.2186279,vertical,vertical,1.468800664,-88.53119659,0.925367005,0.507547876,"(8.43262332667702, 222.31092374824345)",thick_border,0.01732583,-0.007440476,FALSE,left,TileScan_001_s344_ch00_bin.png,TRUE
"[[3, 30], [3, 391], [3, 356], [4, 355], [4, 318], [5, 317], [5, 280], [6, 279], [6, 243], [7, 242], [7, 207], [8, 206], [8, 177], [9, 176], [9, 146], [10, 145], [10, 108], [11, 107], [11, 77], [12, 76], [12, 47], [13, 46], [13, 30]]",1654,736.1421354,"((8.0, 210.5), (361.0, 10.0), 90.0)","[[3, 30], [13, 30], [13, 391], [3, 391]]",361,10,36.1,361,vertical,vertical,90,-90,0.877453581,0.458171745,"(6.291817815397017, 141.9738008867392)",thick_border,0.017843727,0.002232143,FALSE,left,TileScan_001_s345_ch00_bin.png,TRUE
"[[3, 30], [3, 125], [3, 95], [4, 94], [4, 61], [5, 60], [5, 30]]",95,192.8284271,"((4.0, 77.5), (95.0, 2.0), 90.0)","[[3, 30], [5, 30], [5, 125], [3, 125]]",95,2,47.5,95,vertical,vertical,90,-90,0.750988142,0.5,"(3.8192982456140347, 56.79298245614035)",thick_border,0.017843727,0.002232143,FALSE,left,TileScan_001_s346_ch00_bin.png,TRUE
"[[1340, 999], [1339, 1000], [1338, 1000], [1337, 1001], [1337, 1004], [1336, 1005], [1332, 1005], [1332, 1007], [1333, 1008], [1334, 1008], [1335, 1009], [1340, 1009]]",44.5,33.07106769,"((1336.0, 1004.0), (10.0, 8.0), 90.0)","[[1332, 999], [1340, 999], [1340, 1009], [1332, 1009]]",10,8,1.25,10,vertical,vertical,90,-90,0.801801802,0.55625,"(1337.0711610486892, 1005.3558052434456)",thin_border,0.009187813,0.00297619,FALSE,right,TileScan_001_s347_ch00_bin.png,FALSE
"[[3, 699], [3, 720], [4, 720], [5, 721], [7, 721], [8, 720], [10, 720], [12, 718], [12, 717], [16, 713], [16, 710], [15, 709], [14, 709], [13, 708], [12, 708], [11, 707], [11, 706], [10, 705], [10, 704], [7, 701], [6, 701], [5, 700], [4, 700]]",184.5,60.04163003,"((9.5, 710.0), (13.0, 22.0), 0.0)","[[3, 721], [3, 699], [16, 699], [16, 721]]",13,22,0.590909091,22,vertical,vertical,0,-90,0.946153846,0.645104895,"(7.964769647696477, 711.2023486901535)",thin_border,0.17933603,0.002232143,FALSE,left,TileScan_001_s362_ch00_bin.png,FALSE
"[[11, 645], [11, 650], [12, 650], [13, 651], [13, 658], [14, 657], [14, 655], [13, 654], [13, 647]]",11.5,29.07106769,"((12.36923599243164, 651.453857421875), (13.147682189941406, 2.3566598892211914), 82.87498474121094)","[[10, 645], [12, 644], [14, 657], [12, 658]]",13.14768219,2.356659889,5.578947667,13.14768219,vertical,vertical,82.87498474,82.87496948,0.511111111,0.371151938,"(12.347826086956522, 650.159420289855)",thin_border,0.216729498,0.007440476,FALSE,left,TileScan_001_s362_ch00_bin.png,FALSE
"[[1340, 848], [1340, 870], [1339, 871], [1339, 903], [1338, 904], [1338, 954], [1337, 955], [1337, 984], [1336, 985], [1336, 994], [1340, 994]]",263,297.6568542,"((1338.0, 921.0), (146.0, 4.0), 90.0)","[[1336, 848], [1340, 848], [1340, 994], [1336, 994]]",146,4,36.5,146,vertical,vertical,90,-90,0.773529412,0.450342466,"(1338.7484157160964, 946.2940430925221)",thick_border,0.017912301,0.00297619,FALSE,right,TileScan_001_s373_ch00_bin.png,TRUE
"[[1340, 602], [1340, 636], [1339, 637], [1339, 671], [1338, 672], [1338, 707], [1337, 708], [1337, 743], [1336, 744], [1336, 778], [1335, 779], [1335, 814], [1334, 815], [1334, 850], [1333, 851], [1333, 887], [1332, 888], [1332, 911], [1331, 912], [1331, 952], [1330, 953], [1330, 990], [1329, 991], [1329, 994], [1340, 994]]",1989.5,799.5563489,"((1334.5, 798.0), (392.0, 11.0), 90.0)","[[1329, 602], [1340, 602], [1340, 994], [1329, 994]]",392,11,35.63636364,392,vertical,vertical,90,-90,0.896979261,0.461386827,"(1336.4436625617825, 869.4004356203401)",thick_border,0.017912301,0.00297619,FALSE,right,TileScan_001_s374_ch00_bin.png,TRUE
"[[1340, 371], [1340, 388], [1339, 389], [1339, 414], [1338, 415], [1338, 443], [1337, 444], [1337, 479], [1336, 480], [1336, 486], [1337, 487], [1337, 497], [1336, 498], [1336, 528], [1335, 529], [1335, 552], [1334, 553], [1334, 579], [1333, 580], [1333, 641], [1332, 642], [1332, 676], [1331, 677], [1331, 713], [1330, 714], [1330, 746], [1329, 747], [1329, 782], [1328, 783], [1328, 819], [1327, 820], [1327, 855], [1326, 856], [1326, 892], [1325, 893], [1325, 928], [1324, 929], [1324, 968], [1323, 969], [1323, 994], [1338, 994], [1338, 963], [1339, 962], [1339, 927], [1340, 926]]",5376.5,1269.698484,"((1338.3135986328125, 682.6757202148438), (15.917346000671387, 623.2312622070312), 1.477213978767395)","[[1322, 993], [1338, 370], [1354, 371], [1338, 994]]",15.917346,623.2312622,0.025540031,623.2312622,vertical,vertical,1.477213979,-88.522789,0.921738385,0.541975636,"(1334.1518955950276, 779.0228773365573)",thick_border,0.018106794,-0.007440476,FALSE,right,TileScan_001_s375_ch00_bin.png,TRUE
"[[1294, 7], [1293, 8], [1289, 8], [1288, 9], [1282, 9], [1281, 10], [1280, 10], [1283, 10], [1284, 11], [1292, 11], [1293, 12], [1294, 12], [1295, 13], [1296, 13], [1297, 14], [1303, 14], [1304, 13], [1312, 13], [1312, 12], [1311, 12], [1310, 11], [1308, 11], [1307, 10], [1305, 10], [1304, 9], [1303, 9], [1302, 8], [1299, 8], [1298, 7]]",108.5,70.384776,"((1296.0, 10.5), (7.0, 32.0), 90.0)","[[1280, 7], [1312, 7], [1312, 14], [1280, 14]]",7,32,0.21875,32,horizontal,horizontal,90,0,0.786231884,0.484375,"(1297.5284178187403, 10.576036866359447)",thin_border,0.019386683,0.005208333,FALSE,top,TileScan_001_s384_ch00_bin.png,FALSE
"[[552, 1011], [552, 1012], [569, 1012], [567, 1012], [566, 1011]]",14.5,35.41421354,"((560.5, 1011.5), (1.0, 17.0), 90.0)","[[552, 1011], [569, 1011], [569, 1012], [552, 1012]]",1,17,0.058823529,17,horizontal,horizontal,90,0,0.935483871,0.852941176,"(559.2528735632184, 1011.5057471264367)",thin_border,0.326772358,0.008928571,FALSE,bottom,TileScan_001_s407_ch00_bin.png,FALSE
"[[273, 3], [276, 3], [277, 4], [281, 4], [282, 5], [285, 5], [286, 6], [289, 6], [290, 5], [291, 5], [292, 4], [293, 4], [294, 3]]",31,44.48528123,"((283.5, 4.5), (3.0, 21.0), 90.0)","[[273, 3], [294, 3], [294, 6], [273, 6]]",3,21,0.142857143,21,horizontal,horizontal,90,0,0.826666667,0.492063492,"(285.80645161290323, 4.064516129032258)",thin_border,0.161581823,0.002232143,FALSE,top,TileScan_001_s407_ch00_bin.png,FALSE
"[[1241, 4], [1242, 4], [1243, 5], [1248, 5], [1247, 4]]",5,14.82842708,"((1244.5, 4.5), (1.0, 7.0), 90.0)","[[1241, 4], [1248, 4], [1248, 5], [1241, 5]]",1,7,0.142857143,7,horizontal,horizontal,90,0,0.909090909,0.714285714,"(1245.0, 4.5)",thin_border,0.05686585,0.00297619,FALSE,top,TileScan_001_s414_ch00_bin.png,FALSE
"[[602, 1016], [601, 1017], [603, 1019], [604, 1019], [605, 1020], [610, 1020], [607, 1017], [605, 1017], [604, 1016]]",20,21.31370819,"((605.550048828125, 1018.3500366210938), (9.486831665039062, 3.4785051345825195), 18.434947967529297)","[[600, 1018], [601, 1015], [610, 1018], [609, 1021]]",9.486831665,3.478505135,2.727272578,9.486831665,horizontal,horizontal,18.43494797,18.43494797,0.930232558,0.606060741,"(605.2, 1018.1583333333332)",thin_border,0.355121201,0.002232143,FALSE,bottom,TileScan_001_s421_ch00_bin.png,FALSE
"[[705, 8], [704, 9], [704, 11], [705, 12], [707, 12], [707, 10]]",9,11.65685415,"((705.5000610351562, 10.499978065490723), (4.242640495300293, 2.8284268379211426), 45.0)","[[703, 9], [705, 7], [708, 10], [706, 12]]",4.242640495,2.828426838,1.500000084,4.242640495,horizontal,horizontal,45,45,1,0.75000011,"(705.4444444444445, 10.296296296296296)",thin_border,0.376456179,0.005208333,FALSE,top,TileScan_001_s449_ch00_bin.png,FALSE
"[[525, 5], [524, 6], [523, 6], [525, 6], [526, 7], [527, 7], [528, 6], [529, 6], [528, 6], [527, 5]]",5,13.65685415,"((526.0, 6.0), (2.0, 6.0), 90.0)","[[523, 5], [529, 5], [529, 7], [523, 7]]",2,6,0.333333333,6,horizontal,horizontal,90,0,0.666666667,0.416666667,"(526.2, 5.9)",thin_border,0.309545982,0.003720238,FALSE,top,TileScan_001_s456_ch00_bin.png,FALSE
"[[609, 1018], [608, 1019], [604, 1019], [608, 1019], [609, 1020], [619, 1020], [617, 1018]]",19,31.65685415,"((611.5, 1019.0), (2.0, 15.0), 90.0)","[[604, 1018], [619, 1018], [619, 1020], [604, 1020]]",2,15,0.133333333,15,horizontal,horizontal,90,0,0.826086957,0.633333333,"(613.2631578947369, 1019.0350877192981)",thin_border,0.357478642,0.00297619,FALSE,bottom,TileScan_001_s458_ch00_bin.png,FALSE
"[[1159, 17], [1158, 18], [1157, 18], [1157, 19], [1167, 19], [1168, 18], [1176, 18], [1175, 18], [1174, 17]]",26.5,40.24264061,"((1166.5, 18.0), (2.0, 19.0), 90.0)","[[1157, 17], [1176, 17], [1176, 19], [1157, 19]]",2,19,0.105263158,19,horizontal,horizontal,90,0,0.841269841,0.697368421,"(1164.817610062893, 17.89937106918239)",thin_border,0.099936721,0.01264881,FALSE,top,TileScan_001_s458_ch00_bin.png,FALSE
"[[271, 1016], [268, 1019], [256, 1019], [255, 1020], [237, 1020], [276, 1020], [277, 1019], [278, 1019], [280, 1017], [281, 1017], [281, 1016]]",51.5,91.89949465,"((259.0, 1018.0), (4.0, 44.0), 90.0)","[[237, 1016], [281, 1016], [281, 1020], [237, 1020]]",4,44,0.090909091,44,horizontal,horizontal,90,0,0.50990099,0.292613636,"(271.09385113268604, 1018.3074433656957)",thin_border,0.140285838,0.00297619,FALSE,bottom,TileScan_001_s461_ch00_bin.png,FALSE
"[[505, 16], [504, 17], [503, 17], [502, 18], [502, 21], [503, 22], [504, 22], [505, 21], [506, 21], [507, 20], [508, 20], [510, 18], [509, 17], [506, 17]]",28.5,22.72792184,"((505.50006103515625, 18.500003814697266), (4.919349193572998, 8.497057914733887), 63.43495178222656)","[[500, 18], [508, 14], [510, 18], [502, 22]]",4.919349194,8.497057915,0.578947354,8.497057915,horizontal,horizontal,63.43495178,-26.56511307,0.904761905,0.681818263,"(505.280701754386, 18.93567251461988)",thin_border,0.296111232,0.010416667,FALSE,top,TileScan_001_s480_ch00_bin.png,FALSE
"[[936, 3], [935, 4], [970, 4], [971, 5], [981, 5], [982, 6], [983, 5], [984, 5], [985, 6], [984, 7], [984, 8], [982, 10], [982, 11], [983, 12], [1006, 12], [1007, 11], [1016, 11], [1015, 10], [1005, 10], [1004, 9], [1001, 9], [1000, 8], [996, 8], [995, 7], [994, 7], [993, 6], [993, 5], [991, 3]]",204.5,178.0416301,"((975.5, 7.5), (9.0, 81.0), 90.0)","[[935, 3], [1016, 3], [1016, 12], [935, 12]]",9,81,0.111111111,81,horizontal,horizontal,90,0,0.464772727,0.280521262,"(984.1841890790546, 7.206193969030154)",thick_border,0.194131337,0.002232143,FALSE,top,TileScan_001_s482_ch00_bin.png,FALSE
"[[134, 1016], [133, 1017], [133, 1018], [131, 1020], [136, 1020], [136, 1018], [137, 1017], [136, 1017], [135, 1016]]",13.5,17.07106769,"((134.20001220703125, 1018.6001586914062), (4.4721360206604, 5.366562843322754), 26.56505012512207)","[[131, 1020], [133, 1015], [137, 1017], [135, 1022]]",4.472136021,5.366562843,0.833333393,5.366562843,horizontal,vertical,26.56505013,-63.43523407,0.84375,0.562500023,"(134.2469135802469, 1018.2962962962963)",thick_border,0.077567054,0.001488095,TRUE,bottom,TileScan_001_s500_ch00_bin.png,FALSE
"[[302, 1019], [301, 1020], [306, 1020], [305, 1019]]",4,10.82842708,"((303.5, 1019.5), (1.0, 5.0), 90.0)","[[301, 1019], [306, 1019], [306, 1020], [301, 1020]]",1,5,0.2,5,horizontal,horizontal,90,0,1,0.8,"(303.5, 1019.5416666666666)",thick_border,0.178159292,0.00297619,FALSE,bottom,TileScan_001_s512_ch00_bin.png,FALSE
"[[246, 18], [247, 18], [248, 19], [249, 19], [251, 21], [253, 21], [254, 22], [268, 22], [269, 23], [298, 23], [299, 22], [337, 22], [338, 21], [339, 21], [340, 20], [280, 20], [279, 19], [258, 19], [257, 18]]",243,192.1421354,"((292.94647216796875, 21.221601486206055), (94.0208969116211, 4.709475994110107), 1.3803539276123047)","[[245, 22], [246, 17], [340, 20], [339, 24]]",94.02089691,4.709475994,19.96419496,94.02089691,horizontal,horizontal,1.380353928,1.380355,0.730827068,0.548793926,"(288.238683127572, 20.88477366255144)",thick_border,0.145583992,0.01264881,FALSE,top,TileScan_001_s512_ch00_bin.png,FALSE
"[[533, 9], [532, 10], [536, 10], [537, 9]]",4,10.82842708,"((534.5, 9.5), (1.0, 5.0), 90.0)","[[532, 9], [537, 9], [537, 10], [532, 10]]",1,5,0.2,5,horizontal,horizontal,90,0,1,0.8,"(534.5, 9.5)",thin_border,0.314903441,0.006696429,FALSE,top,TileScan_001_s517_ch00_bin.png,FALSE
"[[1055, 1019], [1054, 1020], [1060, 1020], [1059, 1020], [1058, 1019]]",4,12.82842708,"((1057.0, 1019.5), (1.0, 6.0), 90.0)","[[1054, 1019], [1060, 1019], [1060, 1020], [1054, 1020]]",1,6,0.166666667,6,horizontal,horizontal,90,0,0.888888889,0.666666667,"(1056.5, 1019.5416666666666)",thin_border,0.168098969,0.00297619,FALSE,bottom,TileScan_001_s519_ch00_bin.png,FALSE
"[[890, 16], [891, 17], [893, 17], [894, 18], [895, 18], [895, 17], [894, 17], [893, 16]]",4.5,12.24264061,"((892.6000366210938, 16.700016021728516), (5.375871658325195, 1.5811388492584229), 18.43494987487793)","[[889, 16], [890, 15], [895, 16], [894, 18]]",5.375871658,1.581138849,3.399999729,5.375871658,horizontal,horizontal,18.43494987,18.43503761,0.75,0.529411794,"(892.7407407407406, 16.814814814814813)",thin_border,0.265904412,0.011160714,FALSE,top,TileScan_001_s519_ch00_bin.png,FALSE
"[[15, 653], [14, 654], [12, 654], [12, 656], [13, 657], [13, 661], [14, 661], [15, 662], [15, 660], [16, 659], [16, 657], [17, 656], [17, 654], [16, 653]]",27,24.48528123,"((14.5, 657.5), (9.0, 5.0), 90.0)","[[12, 653], [17, 653], [17, 662], [12, 662]]",9,5,1.8,9,vertical,vertical,90,-90,0.830769231,0.6,"(14.518518518518519, 656.716049382716)",thin_border,0.214363428,0.008928571,FALSE,left,TileScan_001_s540_ch00_bin.png,FALSE
"[[30, 1009], [30, 1020], [466, 1020], [440, 1020], [439, 1019], [405, 1019], [404, 1018], [368, 1018], [367, 1017], [332, 1017], [331, 1016], [295, 1016], [294, 1015], [259, 1015], [258, 1014], [223, 1014], [222, 1013], [184, 1013], [183, 1012], [146, 1012], [145, 1011], [108, 1011], [107, 1010], [68, 1010], [67, 1009]]",2492.5,887.5563489,"((248.00003051757812, 1014.5), (10.999998092651367, 435.99993896484375), 90.0)","[[30, 1009], [466, 1009], [466, 1020], [30, 1020]]",10.99999809,435.999939,0.025229357,435.999939,horizontal,horizontal,90,0,0.926752184,0.519704083,"(173.689802741558, 1016.1380809093948)",thick_border,0.017912301,0.00297619,FALSE,bottom,TileScan_001_s544_ch00_bin.png,TRUE
"[[3, 589], [3, 611], [6, 611], [7, 610], [9, 610], [12, 607], [13, 607], [13, 606], [14, 605], [14, 604], [15, 603], [15, 601], [14, 600], [14, 599], [10, 595], [9, 595]]",169.5,58.04162979,"((9.0, 600.0), (12.0, 22.0), 0.0)","[[3, 611], [3, 589], [15, 589], [15, 611]]",12,22,0.545454545,22,vertical,vertical,0,-90,0.960339943,0.642045455,"(7.689282202556538, 601.520157325467)",thick_border,0.244435987,0.002232143,FALSE,left,TileScan_001_s545_ch00_bin.png,FALSE
"[[1337, 369], [1337, 370], [1336, 371], [1336, 383], [1337, 384], [1337, 389], [1338, 390], [1338, 393], [1339, 393], [1339, 386], [1338, 385], [1338, 381], [1337, 380]]",29.5,51.07106769,"((1337.1007080078125, 381.1058044433594), (24.06929588317871, 2.6289279460906982), 83.2901611328125)","[[1334, 369], [1337, 369], [1339, 392], [1337, 393]]",24.06929588,2.628927946,9.155555564,24.06929588,vertical,vertical,83.29016113,83.29022217,0.655555556,0.466208242,"(1337.3163841807907, 382.55367231638417)",thin_border,0.218427912,0.003720238,FALSE,right,TileScan_001_s547_ch00_bin.png,FALSE
"[[627, 3], [655, 3], [656, 4], [660, 4], [660, 3]]",4.5,67.41421354,"((643.5, 3.5), (1.0, 33.0), 90.0)","[[627, 3], [660, 3], [660, 4], [627, 4]]",1,33,0.03030303,33,horizontal,horizontal,90,0,0.243243243,0.136363636,"(657.7407407407406, 3.4814814814814814)",thick_border,0.371087349,0.002232143,FALSE,top,TileScan_001_s549_ch00_bin.png,FALSE
"[[1330, 300], [1330, 301], [1328, 303], [1329, 304], [1331, 302], [1334, 302], [1335, 301], [1336, 301], [1335, 300]]",13.5,19.89949477,"((1331.6552734375, 301.1379699707031), (3.3425161838531494, 8.170595169067383), 68.19859313964844)","[[1327, 301], [1334, 298], [1336, 301], [1328, 304]]",3.342516184,8.170595169,0.409090906,8.170595169,vertical,horizontal,68.19859314,-21.80148888,0.75,0.49431815,"(1331.716049382716, 301.3827160493827)",thin_border,0.176467319,0.005952381,TRUE,right,TileScan_001_s550_ch00_bin.png,FALSE
"[[3, 266], [3, 272], [4, 272], [7, 269], [8, 269], [6, 267], [5, 267], [4, 266]]",17,18.48528111,"((5.5, 269.0), (6.0, 5.0), 90.0)","[[3, 266], [8, 266], [8, 272], [3, 272]]",6,5,1.2,6,vertical,vertical,90,-90,0.894736842,0.566666667,"(4.647058823529412, 268.88235294117646)",thin_border,0.157439207,0.002232143,FALSE,left,TileScan_001_s550_ch00_bin.png,FALSE
"[[1340, 332], [1340, 337], [1339, 338], [1339, 349], [1338, 350], [1338, 355], [1337, 356], [1337, 357], [1336, 358], [1336, 359], [1337, 360], [1337, 362], [1338, 363], [1338, 369], [1339, 370], [1339, 374], [1340, 375], [1340, 378]]",66,95.31370831,"((1338.0, 355.0), (46.0, 4.0), 90.0)","[[1336, 332], [1340, 332], [1340, 378], [1336, 378]]",46,4,11.5,46,vertical,vertical,90,-90,0.683937824,0.358695652,"(1338.9040404040402, 357.45454545454544)",thick_border,0.196504834,0.00297619,FALSE,right,TileScan_001_s555_ch00_bin.png,FALSE
"[[1337, 257], [1337, 267], [1338, 266], [1340, 266], [1340, 257]]",27.5,25.41421354,"((1338.5, 262.0), (10.0, 3.0), 90.0)","[[1337, 257], [1340, 257], [1340, 267], [1337, 267]]",10,3,3.333333333,10,vertical,vertical,90,-90,0.964912281,0.916666667,"(1338.478787878788, 261.58787878787876)",thick_border,0.152121065,0.00297619,FALSE,right,TileScan_001_s555_ch00_bin.png,FALSE
"[[1332, 222], [1331, 223], [1331, 225], [1332, 226], [1335, 226], [1336, 225], [1336, 223], [1335, 222]]",18,15.65685415,"((1333.5, 224.0), (4.0, 5.0), 90.0)","[[1331, 222], [1336, 222], [1336, 226], [1331, 226]]",4,5,0.8,5,vertical,horizontal,90,0,1,0.9,"(1333.5, 224.0)",thin_border,0.131473558,0.005952381,TRUE,right,TileScan_001_s557_ch00_bin.png,FALSE
"[[1340, 771], [1340, 806], [1339, 807], [1339, 838], [1338, 839], [1338, 870], [1337, 871], [1337, 907], [1336, 908], [1336, 942], [1335, 943], [1335, 977], [1334, 978], [1334, 994], [1340, 994]]",621,454.4852812,"((1337.0, 882.5), (223.0, 6.0), 90.0)","[[1334, 771], [1340, 771], [1340, 994], [1334, 994]]",223,6,37.16666667,223,vertical,vertical,90,-90,0.853608247,0.464125561,"(1337.9702093397746, 925.5652173913044)",thick_border,0.017912301,0.00297619,FALSE,right,TileScan_001_s559_ch00_bin.png,TRUE
"[[1261, 16], [1260, 17], [1259, 17], [1258, 18], [1257, 18], [1255, 20], [1256, 20], [1257, 21], [1266, 21], [1267, 20], [1269, 20], [1268, 20], [1265, 17], [1264, 17], [1263, 16]]",42,32.14213526,"((1262.0, 18.5), (5.0, 14.0), 90.0)","[[1255, 16], [1269, 16], [1269, 21], [1255, 21]]",5,14,0.357142857,14,horizontal,horizontal,90,0,0.903225806,0.6,"(1261.6190476190477, 18.964285714285715)",thin_border,0.045386765,0.011904762,FALSE,top,TileScan_001_s559_ch00_bin.png,FALSE
"[[1340, 570], [1340, 583], [1339, 584], [1339, 609], [1338, 610], [1338, 685], [1337, 686], [1337, 704], [1336, 705], [1336, 710], [1335, 711], [1335, 719], [1334, 720], [1334, 724], [1335, 725], [1335, 773], [1334, 774], [1334, 840], [1333, 841], [1333, 855], [1332, 856], [1332, 858], [1331, 859], [1331, 867], [1330, 868], [1330, 869], [1331, 870], [1331, 923], [1330, 924], [1330, 963], [1329, 964], [1329, 994], [1340, 994]]",2432.5,865.2132031,"((1334.5, 782.0), (424.0, 11.0), 90.0)","[[1329, 570], [1340, 570], [1340, 994], [1329, 994]]",424,11,38.54545455,424,vertical,vertical,90,-90,0.808676862,0.521548027,"(1336.1856115107914, 851.2346008907159)",thick_border,0.017912301,0.00297619,FALSE,right,TileScan_001_s560_ch00_bin.png,TRUE
"[[1235, 3], [1270, 3], [1271, 4], [1309, 4], [1310, 5], [1314, 5], [1314, 3]]",48,160.8284271,"((1274.5, 4.0), (2.0, 79.0), 90.0)","[[1235, 3], [1314, 3], [1314, 5], [1235, 5]]",2,79,0.025316456,79,horizontal,horizontal,90,0,0.568047337,0.303797468,"(1294.076388888889, 3.5902777777777772)",thick_border,0.017843727,0.002232143,FALSE,top,TileScan_001_s589_ch00_bin.png,TRUE
"[[30, 1016], [30, 1020], [194, 1020], [155, 1020], [154, 1019], [116, 1019], [115, 1018], [80, 1018], [79, 1017], [41, 1017], [40, 1016]]",270,333.6568542,"((112.00001525878906, 1018.0), (3.999999523162842, 163.99996948242188), 90.0)","[[30, 1016], [194, 1016], [194, 1020], [30, 1020]]",3.999999523,163.9999695,0.024390246,163.9999695,horizontal,horizontal,90,0,0.773638968,0.411585492,"(76.98395061728394, 1018.7012345679011)",thick_border,0.017912301,0.00297619,FALSE,bottom,TileScan_001_s593_ch00_bin.png,TRUE
"[[54, 3], [53, 4], [52, 4], [52, 6], [57, 6], [58, 5], [58, 3]]",16,16.82842708,"((55.0, 4.5), (3.0, 6.0), 90.0)","[[52, 3], [58, 3], [58, 6], [52, 6]]",3,6,0.5,6,horizontal,horizontal,90,0,0.96969697,0.888888889,"(55.125, 4.5625)",thin_border,0.030826806,0.002232143,FALSE,top,TileScan_001_s627_ch00_bin.png,FALSE
"[[3, 30], [3, 42], [4, 43], [4, 52], [3, 53], [3, 67], [4, 68], [4, 75], [5, 76], [5, 103], [4, 104], [4, 119], [3, 120], [3, 600], [3, 569], [4, 568], [4, 535], [5, 534], [5, 501], [6, 500], [6, 469], [7, 468], [7, 435], [8, 434], [8, 400], [9, 399], [9, 365], [10, 364], [10, 331], [11, 330], [11, 296], [12, 295], [12, 261], [13, 260], [13, 224], [14, 223], [14, 186], [15, 185], [15, 150], [16, 149], [16, 131], [15, 131], [13, 129], [13, 128], [12, 127], [12, 87], [13, 86], [13, 74], [14, 73], [14, 70], [15, 69], [15, 68], [16, 67], [16, 63], [17, 62], [17, 52], [18, 51], [18, 30]]",4068,1167.597979,"((10.5, 315.0), (570.0, 15.0), 90.0)","[[3, 30], [18, 30], [18, 600], [3, 600]]",570,15,38,570,vertical,vertical,90,-90,0.8676549,0.475789474,"(7.911791215994755, 229.0654293674205)",thick_border,0.017843727,0.002232143,FALSE,left,TileScan_001_s634_ch00_bin.png,TRUE
"[[3, 30], [3, 378], [3, 343], [4, 342], [4, 307], [5, 306], [5, 270], [6, 269], [6, 233], [7, 232], [7, 194], [8, 193], [8, 154], [9, 153], [9, 115], [10, 114], [10, 77], [11, 76], [11, 38], [12, 37], [12, 30]]",1456.5,708.7279218,"((7.5, 204.0), (348.0, 9.0), 90.0)","[[3, 30], [12, 30], [12, 378], [3, 378]]",348,9,38.66666667,348,vertical,vertical,90,-90,0.896583564,0.465038314,"(5.921043597665637, 141.16340542396156)",thick_border,0.017843727,0.002232143,FALSE,left,TileScan_001_s635_ch00_bin.png,TRUE
"[[3, 30], [3, 155], [3, 117], [4, 116], [4, 76], [5, 75], [5, 36], [6, 35], [6, 30]]",137.5,254.2426406,"((4.5, 92.5), (125.0, 3.0), 90.0)","[[3, 30], [6, 30], [6, 155], [3, 155]]",125,3,41.66666667,125,vertical,vertical,90,-90,0.699745547,0.366666667,"(3.909090909090909, 64.84727272727272)",thick_border,0.017843727,0.002232143,FALSE,left,TileScan_001_s636_ch00_bin.png,TRUE
"[[903, 3], [936, 3], [937, 4], [970, 4], [971, 5], [1005, 5], [1006, 6], [1040, 6], [1041, 7], [1077, 7], [1078, 8], [1113, 8], [1114, 9], [1149, 9], [1150, 10], [1184, 10], [1185, 11], [1219, 11], [1220, 12], [1257, 12], [1258, 13], [1293, 13], [1294, 14], [1314, 14], [1314, 3]]",2205.5,837.5563489,"((1108.5, 8.5), (11.0, 411.0), 90.0)","[[903, 3], [1314, 3], [1314, 14], [903, 14]]",11,411,0.02676399,411,horizontal,horizontal,90,0,0.918384343,0.48783455,"(1181.835033628051, 6.7154084485755305)",thick_border,0.017843727,0.002232143,FALSE,top,TileScan_001_s638_ch00_bin.png,TRUE
"[[335, 8], [335, 9], [334, 10], [334, 12], [335, 12], [336, 13], [337, 13], [338, 14], [339, 14], [340, 15], [342, 13], [349, 13], [350, 12], [350, 11], [349, 10], [341, 10], [340, 9], [338, 9], [337, 8]]",59,40.14213538,"((341.8243103027344, 12.054052352905273), (16.111101150512695, 6.411561012268066), 9.462322235107422)","[[333, 13], [334, 7], [350, 10], [349, 16]]",16.11110115,6.411561012,2.512820376,16.11110115,horizontal,horizontal,9.462322235,9.462312698,0.776315789,0.571166869,"(341.1497175141243, 11.327683615819208)",thick_border,0.197232537,0.005208333,FALSE,top,TileScan_001_s647_ch00_bin.png,FALSE
"[[402, 19], [401, 20], [401, 21], [417, 21], [418, 20], [417, 19]]",32.5,36.24264061,"((409.5, 20.0), (2.0, 17.0), 90.0)","[[401, 19], [418, 19], [418, 21], [401, 21]]",2,17,0.117647059,17,horizontal,horizontal,90,0,1,0.955882353,"(409.374358974359, 20.010256410256407)",thin_border,0.237593722,0.014136905,FALSE,top,TileScan_001_s654_ch00_bin.png,FALSE
"[[1230, 1000], [1229, 1001], [1227, 1001], [1228, 1002], [1228, 1007], [1227, 1008], [1227, 1010], [1228, 1010], [1229, 1011], [1229, 1012], [1230, 1012], [1231, 1013], [1232, 1013], [1233, 1014], [1234, 1014], [1235, 1015], [1236, 1015], [1238, 1017], [1239, 1017], [1240, 1018], [1241, 1018], [1242, 1019], [1244, 1019], [1245, 1020], [1263, 1020], [1262, 1019], [1262, 1018], [1256, 1012], [1256, 1011], [1254, 1009], [1253, 1009], [1251, 1007], [1251, 1006], [1250, 1005], [1250, 1004], [1249, 1003], [1249, 1002], [1248, 1002], [1247, 1001], [1238, 1001], [1237, 1000]]",450.5,98.18376529,"((1245.0, 1010.0), (20.0, 36.0), 90.0)","[[1227, 1000], [1263, 1000], [1263, 1020], [1227, 1020]]",20,36,0.555555556,36,horizontal,horizontal,90,0,0.929824561,0.625694444,"(1243.087680355161, 1010.3181650018497)",thick_border,0.047997383,0.00297619,FALSE,bottom,TileScan_001_s659_ch00_bin.png,FALSE
"[[30, 1009], [30, 1020], [471, 1020], [437, 1020], [436, 1019], [400, 1019], [399, 1018], [363, 1018], [362, 1017], [328, 1017], [327, 1016], [293, 1016], [292, 1015], [256, 1015], [255, 1014], [217, 1014], [216, 1013], [178, 1013], [177, 1012], [139, 1012], [138, 1011], [100, 1011], [99, 1010], [76, 1010], [75, 1009]]",2451.5,897.5563489,"((250.5, 1014.5), (11.0, 441.0), 90.0)","[[30, 1009], [471, 1009], [471, 1020], [30, 1020]]",11,441,0.024943311,441,horizontal,horizontal,90,0,0.914568178,0.50535972,"(171.91386226120062, 1016.1536474267455)",thick_border,0.017912301,0.00297619,FALSE,bottom,TileScan_001_s661_ch00_bin.png,TRUE
"[[761, 1019], [762, 1019], [763, 1020], [772, 1020], [770, 1020], [769, 1019]]",7,22.82842708,"((766.5, 1019.5), (1.0, 11.0), 90.0)","[[761, 1019], [772, 1019], [772, 1020], [761, 1020]]",1,11,0.090909091,11,horizontal,horizontal,90,0,0.823529412,0.636363636,"(766.0, 1019.5)",thin_border,0.33854023,0.00297619,FALSE,bottom,TileScan_001_s666_ch00_bin.png,FALSE
"[[911, 1014], [909, 1016], [910, 1017], [910, 1018], [908, 1020], [917, 1020], [921, 1016], [921, 1015], [920, 1014]]",60,34.14213538,"((914.5, 1017.0), (6.0, 13.0), 90.0)","[[908, 1014], [921, 1014], [921, 1020], [908, 1020]]",6,13,0.461538462,13,horizontal,horizontal,90,0,0.94488189,0.769230769,"(914.6416666666667, 1016.8833333333333)",thin_border,0.250359123,0.00297619,FALSE,bottom,TileScan_001_s666_ch00_bin.png,FALSE